timestamp, utilization.gpu [%], utilization.memory [%], temperature.gpu
2025/04/25 18:08:01.181, 0 %, 0 %, 43
2025/04/25 18:08:06.183, 0 %, 0 %, 43
2025/04/25 18:08:11.184, 0 %, 0 %, 43
2025/04/25 18:08:16.184, 0 %, 0 %, 43
2025/04/25 18:08:21.185, 0 %, 0 %, 43
2025/04/25 18:08:26.185, 0 %, 0 %, 43
2025/04/25 18:08:31.185, 0 %, 0 %, 43
2025/04/25 18:08:36.186, 0 %, 0 %, 43
2025/04/25 18:08:41.186, 0 %, 0 %, 43
2025/04/25 18:08:46.187, 0 %, 0 %, 43
2025/04/25 18:08:51.187, 0 %, 0 %, 43
2025/04/25 18:08:56.188, 0 %, 0 %, 43
2025/04/25 18:09:01.188, 0 %, 0 %, 43
2025/04/25 18:09:06.188, 0 %, 0 %, 43
2025/04/25 18:09:11.191, 0 %, 0 %, 43
2025/04/25 18:09:16.192, 2 %, 0 %, 46
2025/04/25 18:09:21.192, 2 %, 0 %, 46
2025/04/25 18:09:26.192, 0 %, 0 %, 46
2025/04/25 18:09:31.193, 16 %, 8 %, 47
2025/04/25 18:09:36.193, 0 %, 0 %, 47
2025/04/25 18:09:41.194, 0 %, 0 %, 46
2025/04/25 18:09:46.194, 0 %, 0 %, 46
2025/04/25 18:09:51.195, 0 %, 0 %, 46
2025/04/25 18:09:56.195, 0 %, 0 %, 46
2025/04/25 18:10:01.195, 0 %, 0 %, 46
2025/04/25 18:10:06.196, 0 %, 0 %, 46
2025/04/25 18:10:11.196, 0 %, 0 %, 46
2025/04/25 18:10:16.197, 0 %, 0 %, 46
2025/04/25 18:10:21.197, 0 %, 0 %, 46
2025/04/25 18:10:26.198, 0 %, 0 %, 46
2025/04/25 18:10:31.198, 0 %, 0 %, 46
2025/04/25 18:10:36.198, 0 %, 0 %, 46
2025/04/25 18:10:41.199, 0 %, 0 %, 46
2025/04/25 18:10:46.199, 0 %, 0 %, 46
2025/04/25 18:10:51.200, 0 %, 0 %, 46
2025/04/25 18:10:56.200, 0 %, 0 %, 46
2025/04/25 18:11:01.201, 0 %, 0 %, 46
2025/04/25 18:11:06.201, 0 %, 0 %, 46
2025/04/25 18:11:11.201, 0 %, 0 %, 46
2025/04/25 18:11:16.202, 0 %, 0 %, 46
2025/04/25 18:11:21.202, 0 %, 0 %, 46
2025/04/25 18:11:26.203, 0 %, 0 %, 46
2025/04/25 18:11:31.203, 0 %, 0 %, 46
2025/04/25 18:11:36.204, 0 %, 0 %, 46
2025/04/25 18:11:41.204, 0 %, 0 %, 46
2025/04/25 18:11:46.204, 0 %, 0 %, 46
2025/04/25 18:11:51.205, 0 %, 0 %, 46
2025/04/25 18:11:56.205, 0 %, 0 %, 46
2025/04/25 18:12:01.206, 0 %, 0 %, 46
2025/04/25 18:12:06.206, 0 %, 0 %, 46
2025/04/25 18:12:11.207, 0 %, 0 %, 46
2025/04/25 18:12:16.207, 0 %, 0 %, 46
2025/04/25 18:12:21.208, 0 %, 0 %, 46
2025/04/25 18:12:26.208, 0 %, 0 %, 46
2025/04/25 18:12:31.208, 0 %, 0 %, 46
2025/04/25 18:12:36.209, 0 %, 0 %, 46
2025/04/25 18:12:41.209, 0 %, 0 %, 46
2025/04/25 18:12:46.210, 0 %, 0 %, 46
2025/04/25 18:12:51.210, 0 %, 0 %, 46
2025/04/25 18:12:56.211, 0 %, 0 %, 46
2025/04/25 18:13:01.211, 0 %, 0 %, 46
2025/04/25 18:13:06.211, 0 %, 0 %, 46
2025/04/25 18:13:11.212, 0 %, 0 %, 46
2025/04/25 18:13:16.212, 0 %, 0 %, 46
2025/04/25 18:13:21.213, 0 %, 0 %, 46
2025/04/25 18:13:26.213, 0 %, 0 %, 46
2025/04/25 18:13:31.214, 0 %, 0 %, 46
2025/04/25 18:13:36.214, 0 %, 0 %, 46
2025/04/25 18:13:41.214, 0 %, 0 %, 46
2025/04/25 18:13:46.215, 0 %, 0 %, 46
2025/04/25 18:13:51.215, 0 %, 0 %, 46
2025/04/25 18:13:56.216, 0 %, 0 %, 46
2025/04/25 18:14:01.216, 0 %, 0 %, 46
2025/04/25 18:14:06.217, 0 %, 0 %, 46
2025/04/25 18:14:11.217, 0 %, 0 %, 46
2025/04/25 18:14:16.217, 0 %, 0 %, 46
2025/04/25 18:14:21.218, 0 %, 0 %, 46
2025/04/25 18:14:26.218, 0 %, 0 %, 46
2025/04/25 18:14:31.219, 0 %, 0 %, 46
2025/04/25 18:14:36.219, 0 %, 0 %, 46
2025/04/25 18:14:41.219, 0 %, 0 %, 46
2025/04/25 18:14:46.220, 0 %, 0 %, 46
2025/04/25 18:14:51.220, 0 %, 0 %, 46
2025/04/25 18:14:56.221, 0 %, 0 %, 46
2025/04/25 18:15:01.221, 0 %, 0 %, 46
2025/04/25 18:15:06.222, 0 %, 0 %, 46
2025/04/25 18:15:11.222, 0 %, 0 %, 46
2025/04/25 18:15:16.222, 0 %, 0 %, 46
2025/04/25 18:15:21.223, 0 %, 0 %, 46
2025/04/25 18:15:26.223, 0 %, 0 %, 46
2025/04/25 18:15:31.224, 0 %, 0 %, 46
2025/04/25 18:15:36.224, 0 %, 0 %, 46
2025/04/25 18:15:41.225, 0 %, 0 %, 46
2025/04/25 18:15:46.225, 0 %, 0 %, 46
2025/04/25 18:15:51.226, 0 %, 0 %, 46
2025/04/25 18:15:56.226, 0 %, 0 %, 46
2025/04/25 18:16:01.226, 0 %, 0 %, 46
2025/04/25 18:16:06.227, 0 %, 0 %, 46
2025/04/25 18:16:11.227, 0 %, 0 %, 46
2025/04/25 18:16:16.228, 0 %, 0 %, 46
2025/04/25 18:16:21.228, 0 %, 0 %, 46
2025/04/25 18:16:26.229, 0 %, 0 %, 46
2025/04/25 18:16:31.229, 0 %, 0 %, 46
2025/04/25 18:16:36.230, 0 %, 0 %, 46
2025/04/25 18:16:41.230, 0 %, 0 %, 46
2025/04/25 18:16:46.232, 0 %, 0 %, 46
2025/04/25 18:16:51.233, 0 %, 0 %, 46
2025/04/25 18:16:56.233, 0 %, 0 %, 46
2025/04/25 18:17:01.233, 0 %, 0 %, 46
2025/04/25 18:17:06.234, 0 %, 0 %, 46
2025/04/25 18:17:11.234, 0 %, 0 %, 46
2025/04/25 18:17:16.235, 0 %, 0 %, 46
2025/04/25 18:17:21.235, 0 %, 0 %, 46
2025/04/25 18:17:26.236, 0 %, 0 %, 46
2025/04/25 18:17:31.236, 0 %, 0 %, 46
2025/04/25 18:17:36.236, 0 %, 0 %, 46
2025/04/25 18:17:41.237, 0 %, 0 %, 46
2025/04/25 18:17:46.237, 0 %, 0 %, 46
2025/04/25 18:17:51.238, 0 %, 0 %, 46
2025/04/25 18:17:56.238, 0 %, 0 %, 46
2025/04/25 18:18:01.239, 0 %, 0 %, 46
2025/04/25 18:18:06.239, 0 %, 0 %, 46
2025/04/25 18:18:11.240, 0 %, 0 %, 46
2025/04/25 18:18:16.240, 0 %, 0 %, 46
2025/04/25 18:18:21.240, 0 %, 0 %, 46
2025/04/25 18:18:26.241, 0 %, 0 %, 46
2025/04/25 18:18:31.241, 0 %, 0 %, 46
2025/04/25 18:18:36.242, 0 %, 0 %, 46
2025/04/25 18:18:41.242, 0 %, 0 %, 46
2025/04/25 18:18:46.243, 0 %, 0 %, 46
2025/04/25 18:18:51.243, 0 %, 0 %, 46
2025/04/25 18:18:56.243, 0 %, 0 %, 46
2025/04/25 18:19:01.244, 0 %, 0 %, 46
2025/04/25 18:19:06.244, 0 %, 0 %, 46
2025/04/25 18:19:11.245, 0 %, 0 %, 46
2025/04/25 18:19:16.245, 0 %, 0 %, 46
2025/04/25 18:19:21.246, 0 %, 0 %, 46
2025/04/25 18:19:26.246, 0 %, 0 %, 46
2025/04/25 18:19:31.247, 0 %, 0 %, 46
2025/04/25 18:19:36.247, 0 %, 0 %, 46
2025/04/25 18:19:41.248, 0 %, 0 %, 46
2025/04/25 18:19:46.248, 0 %, 0 %, 46
2025/04/25 18:19:51.248, 0 %, 0 %, 46
2025/04/25 18:19:56.249, 0 %, 0 %, 46
2025/04/25 18:20:01.249, 0 %, 0 %, 46
2025/04/25 18:20:06.250, 0 %, 0 %, 46
2025/04/25 18:20:11.250, 0 %, 0 %, 46
2025/04/25 18:20:16.251, 0 %, 0 %, 46
2025/04/25 18:20:21.251, 0 %, 0 %, 46
2025/04/25 18:20:26.251, 0 %, 0 %, 46
2025/04/25 18:20:31.252, 0 %, 0 %, 46
2025/04/25 18:20:36.252, 0 %, 0 %, 46
2025/04/25 18:20:41.253, 0 %, 0 %, 46
2025/04/25 18:20:46.253, 0 %, 0 %, 46
2025/04/25 18:20:51.254, 0 %, 0 %, 46
2025/04/25 18:20:56.254, 0 %, 0 %, 46
2025/04/25 18:21:01.254, 0 %, 0 %, 46
2025/04/25 18:21:06.255, 0 %, 0 %, 46
2025/04/25 18:21:11.255, 0 %, 0 %, 46
2025/04/25 18:21:16.256, 0 %, 0 %, 46
2025/04/25 18:21:21.256, 0 %, 0 %, 46
2025/04/25 18:21:26.257, 0 %, 0 %, 46
2025/04/25 18:21:31.257, 0 %, 0 %, 46
2025/04/25 18:21:36.257, 0 %, 0 %, 46
2025/04/25 18:21:41.258, 0 %, 0 %, 46
2025/04/25 18:21:46.258, 0 %, 0 %, 46
2025/04/25 18:21:51.259, 0 %, 0 %, 46
2025/04/25 18:21:56.259, 0 %, 0 %, 46
2025/04/25 18:22:01.260, 0 %, 0 %, 46
2025/04/25 18:22:06.260, 0 %, 0 %, 46
2025/04/25 18:22:11.261, 0 %, 0 %, 46
2025/04/25 18:22:16.261, 0 %, 0 %, 46
2025/04/25 18:22:21.261, 0 %, 0 %, 46
2025/04/25 18:22:26.262, 0 %, 0 %, 46
2025/04/25 18:22:31.262, 0 %, 0 %, 46
2025/04/25 18:22:36.263, 0 %, 0 %, 46
2025/04/25 18:22:41.263, 0 %, 0 %, 46
2025/04/25 18:22:46.263, 0 %, 0 %, 46
2025/04/25 18:22:51.264, 0 %, 0 %, 46
2025/04/25 18:22:56.264, 0 %, 0 %, 46
2025/04/25 18:23:01.265, 0 %, 0 %, 46
2025/04/25 18:23:06.265, 0 %, 0 %, 46
2025/04/25 18:23:11.266, 0 %, 0 %, 46
2025/04/25 18:23:16.266, 0 %, 0 %, 46
2025/04/25 18:23:21.267, 0 %, 0 %, 46
2025/04/25 18:23:26.267, 0 %, 0 %, 46
2025/04/25 18:23:31.268, 0 %, 0 %, 46
2025/04/25 18:23:36.268, 0 %, 0 %, 46
2025/04/25 18:23:41.269, 0 %, 0 %, 46
2025/04/25 18:23:46.269, 0 %, 0 %, 46
2025/04/25 18:23:51.269, 0 %, 0 %, 46
2025/04/25 18:23:56.270, 0 %, 0 %, 46
2025/04/25 18:24:01.270, 0 %, 0 %, 46
2025/04/25 18:24:06.271, 0 %, 0 %, 46
2025/04/25 18:24:11.271, 0 %, 0 %, 46
2025/04/25 18:24:16.272, 0 %, 0 %, 46
2025/04/25 18:24:21.272, 0 %, 0 %, 46
2025/04/25 18:24:26.273, 0 %, 0 %, 46
2025/04/25 18:24:31.273, 0 %, 0 %, 46
2025/04/25 18:24:36.273, 0 %, 0 %, 46
2025/04/25 18:24:41.274, 0 %, 0 %, 46
2025/04/25 18:24:46.274, 0 %, 0 %, 46
2025/04/25 18:24:51.275, 0 %, 0 %, 46
2025/04/25 18:24:56.275, 0 %, 0 %, 46
2025/04/25 18:25:01.276, 0 %, 0 %, 46
2025/04/25 18:25:06.276, 0 %, 0 %, 46
2025/04/25 18:25:11.276, 0 %, 0 %, 46
2025/04/25 18:25:16.277, 0 %, 0 %, 46
2025/04/25 18:25:21.277, 0 %, 0 %, 46
2025/04/25 18:25:26.278, 0 %, 0 %, 46
2025/04/25 18:25:31.278, 0 %, 0 %, 46
2025/04/25 18:25:36.278, 0 %, 0 %, 46
2025/04/25 18:25:41.279, 0 %, 0 %, 46
2025/04/25 18:25:46.279, 0 %, 0 %, 46
2025/04/25 18:25:51.280, 0 %, 0 %, 46
2025/04/25 18:25:56.280, 0 %, 0 %, 46
2025/04/25 18:26:01.281, 0 %, 0 %, 46
2025/04/25 18:26:06.281, 0 %, 0 %, 46
2025/04/25 18:26:11.282, 0 %, 0 %, 46
2025/04/25 18:26:16.282, 0 %, 0 %, 46
2025/04/25 18:26:21.283, 0 %, 0 %, 46
2025/04/25 18:26:26.283, 0 %, 0 %, 46
2025/04/25 18:26:31.283, 0 %, 0 %, 46
2025/04/25 18:26:36.284, 0 %, 0 %, 46
2025/04/25 18:26:41.284, 0 %, 0 %, 46
2025/04/25 18:26:46.285, 0 %, 0 %, 46
2025/04/25 18:26:51.285, 0 %, 0 %, 46
2025/04/25 18:26:56.285, 0 %, 0 %, 46
2025/04/25 18:27:01.286, 0 %, 0 %, 46
2025/04/25 18:27:06.286, 0 %, 0 %, 46
2025/04/25 18:27:11.287, 0 %, 0 %, 46
2025/04/25 18:27:16.287, 0 %, 0 %, 46
2025/04/25 18:27:21.288, 0 %, 0 %, 46
2025/04/25 18:27:26.288, 0 %, 0 %, 46
2025/04/25 18:27:31.289, 0 %, 0 %, 46
2025/04/25 18:27:36.289, 0 %, 0 %, 46
2025/04/25 18:27:41.290, 0 %, 0 %, 46
2025/04/25 18:27:46.290, 0 %, 0 %, 46
2025/04/25 18:27:51.291, 0 %, 0 %, 46
2025/04/25 18:27:56.291, 0 %, 0 %, 46
2025/04/25 18:28:01.291, 0 %, 0 %, 46
2025/04/25 18:28:06.292, 0 %, 0 %, 46
2025/04/25 18:28:11.292, 0 %, 0 %, 47
2025/04/25 18:28:16.293, 0 %, 0 %, 47
2025/04/25 18:28:21.293, 0 %, 0 %, 47
2025/04/25 18:28:26.294, 0 %, 0 %, 46
2025/04/25 18:28:31.294, 0 %, 0 %, 46
2025/04/25 18:28:36.295, 0 %, 0 %, 46
2025/04/25 18:28:41.295, 0 %, 0 %, 46
2025/04/25 18:28:46.295, 0 %, 0 %, 46
2025/04/25 18:28:51.296, 0 %, 0 %, 46
2025/04/25 18:28:56.296, 0 %, 0 %, 46
2025/04/25 18:29:01.297, 0 %, 0 %, 46
2025/04/25 18:29:06.297, 0 %, 0 %, 46
2025/04/25 18:29:11.298, 0 %, 0 %, 46
2025/04/25 18:29:16.298, 0 %, 0 %, 46
2025/04/25 18:29:21.299, 0 %, 0 %, 46
2025/04/25 18:29:26.299, 0 %, 0 %, 46
2025/04/25 18:29:31.299, 0 %, 0 %, 46
2025/04/25 18:29:36.300, 0 %, 0 %, 46
2025/04/25 18:29:41.300, 0 %, 0 %, 46
2025/04/25 18:29:46.301, 0 %, 0 %, 46
2025/04/25 18:29:51.301, 0 %, 0 %, 46
2025/04/25 18:29:56.301, 0 %, 0 %, 46
2025/04/25 18:30:01.302, 0 %, 0 %, 46
2025/04/25 18:30:06.302, 0 %, 0 %, 46
2025/04/25 18:30:11.303, 0 %, 0 %, 46
2025/04/25 18:30:16.303, 0 %, 0 %, 46
2025/04/25 18:30:21.304, 0 %, 0 %, 46
2025/04/25 18:30:26.304, 0 %, 0 %, 46
2025/04/25 18:30:31.305, 0 %, 0 %, 46
2025/04/25 18:30:36.305, 0 %, 0 %, 46
2025/04/25 18:30:41.306, 0 %, 0 %, 46
2025/04/25 18:30:46.306, 0 %, 0 %, 46
2025/04/25 18:30:51.307, 0 %, 0 %, 46
2025/04/25 18:30:56.307, 0 %, 0 %, 46
2025/04/25 18:31:01.308, 0 %, 0 %, 46
2025/04/25 18:31:06.308, 0 %, 0 %, 46
2025/04/25 18:31:11.308, 0 %, 0 %, 46
2025/04/25 18:31:16.309, 0 %, 0 %, 46
2025/04/25 18:31:21.309, 0 %, 0 %, 46
2025/04/25 18:31:26.310, 0 %, 0 %, 46
2025/04/25 18:31:31.310, 0 %, 0 %, 46
2025/04/25 18:31:36.311, 0 %, 0 %, 46
2025/04/25 18:31:41.311, 0 %, 0 %, 46
2025/04/25 18:31:46.312, 0 %, 0 %, 46
2025/04/25 18:31:51.312, 0 %, 0 %, 47
2025/04/25 18:31:56.313, 0 %, 0 %, 47
2025/04/25 18:32:01.313, 0 %, 0 %, 46
2025/04/25 18:32:06.314, 0 %, 0 %, 46
2025/04/25 18:32:11.314, 0 %, 0 %, 46
2025/04/25 18:32:16.314, 0 %, 0 %, 46
2025/04/25 18:32:21.315, 0 %, 0 %, 46
2025/04/25 18:32:26.315, 0 %, 0 %, 46
2025/04/25 18:32:31.316, 0 %, 0 %, 46
2025/04/25 18:32:36.316, 0 %, 0 %, 46
2025/04/25 18:32:41.317, 0 %, 0 %, 46
2025/04/25 18:32:46.317, 0 %, 0 %, 46
2025/04/25 18:32:51.318, 0 %, 0 %, 46
2025/04/25 18:32:56.318, 0 %, 0 %, 46
2025/04/25 18:33:01.319, 0 %, 0 %, 46
2025/04/25 18:33:06.319, 0 %, 0 %, 46
2025/04/25 18:33:11.319, 0 %, 0 %, 46
2025/04/25 18:33:16.320, 0 %, 0 %, 46
2025/04/25 18:33:21.320, 0 %, 0 %, 46
2025/04/25 18:33:26.321, 0 %, 0 %, 46
2025/04/25 18:33:31.321, 0 %, 0 %, 46
2025/04/25 18:33:36.322, 0 %, 0 %, 46
2025/04/25 18:33:41.322, 0 %, 0 %, 46
2025/04/25 18:33:46.323, 0 %, 0 %, 46
2025/04/25 18:33:51.323, 0 %, 0 %, 46
2025/04/25 18:33:56.323, 0 %, 0 %, 46
2025/04/25 18:34:01.324, 0 %, 0 %, 46
2025/04/25 18:34:06.324, 0 %, 0 %, 46
2025/04/25 18:34:11.325, 0 %, 0 %, 46
2025/04/25 18:34:16.325, 0 %, 0 %, 46
2025/04/25 18:34:21.326, 0 %, 0 %, 46
2025/04/25 18:34:26.326, 0 %, 0 %, 46
2025/04/25 18:34:31.327, 0 %, 0 %, 46
2025/04/25 18:34:36.327, 0 %, 0 %, 46
2025/04/25 18:34:41.328, 0 %, 0 %, 46
2025/04/25 18:34:46.328, 0 %, 0 %, 46
2025/04/25 18:34:51.329, 0 %, 0 %, 46
2025/04/25 18:34:56.329, 0 %, 0 %, 46
2025/04/25 18:35:01.330, 0 %, 0 %, 46
2025/04/25 18:35:06.330, 0 %, 0 %, 46
2025/04/25 18:35:11.331, 0 %, 0 %, 46
2025/04/25 18:35:16.331, 0 %, 0 %, 46
2025/04/25 18:35:21.331, 0 %, 0 %, 46
2025/04/25 18:35:26.332, 0 %, 0 %, 46
2025/04/25 18:35:31.332, 0 %, 0 %, 46
2025/04/25 18:35:36.333, 0 %, 0 %, 46
2025/04/25 18:35:41.333, 0 %, 0 %, 46
2025/04/25 18:35:46.334, 0 %, 0 %, 46
2025/04/25 18:35:51.334, 0 %, 0 %, 46
2025/04/25 18:35:56.335, 0 %, 0 %, 46
2025/04/25 18:36:01.335, 0 %, 0 %, 46
2025/04/25 18:36:06.336, 0 %, 0 %, 46
2025/04/25 18:36:11.336, 0 %, 0 %, 46
2025/04/25 18:36:16.336, 0 %, 0 %, 46
2025/04/25 18:36:21.337, 0 %, 0 %, 46
2025/04/25 18:36:26.337, 0 %, 0 %, 46
2025/04/25 18:36:31.338, 0 %, 0 %, 46
2025/04/25 18:36:36.338, 0 %, 0 %, 46
2025/04/25 18:36:41.339, 0 %, 0 %, 46
2025/04/25 18:36:46.339, 0 %, 0 %, 46
2025/04/25 18:36:51.339, 0 %, 0 %, 46
2025/04/25 18:36:56.340, 0 %, 0 %, 46
2025/04/25 18:37:01.340, 0 %, 0 %, 46
2025/04/25 18:37:06.341, 0 %, 0 %, 46
2025/04/25 18:37:11.341, 0 %, 0 %, 46
2025/04/25 18:37:16.342, 0 %, 0 %, 46
2025/04/25 18:37:21.342, 0 %, 0 %, 46
2025/04/25 18:37:26.343, 0 %, 0 %, 46
2025/04/25 18:37:31.343, 0 %, 0 %, 46
2025/04/25 18:37:36.343, 0 %, 0 %, 46
2025/04/25 18:37:41.344, 0 %, 0 %, 46
2025/04/25 18:37:46.344, 0 %, 0 %, 45
2025/04/25 18:37:51.345, 0 %, 0 %, 45
2025/04/25 18:37:56.345, 0 %, 0 %, 45
2025/04/25 18:38:01.346, 0 %, 0 %, 45
2025/04/25 18:38:06.346, 0 %, 0 %, 46
2025/04/25 18:38:11.346, 0 %, 0 %, 46
2025/04/25 18:38:16.347, 0 %, 0 %, 46
2025/04/25 18:38:21.347, 0 %, 0 %, 46
2025/04/25 18:38:26.348, 0 %, 0 %, 46
2025/04/25 18:38:31.348, 0 %, 0 %, 46
2025/04/25 18:38:36.349, 0 %, 0 %, 46
2025/04/25 18:38:41.349, 0 %, 0 %, 46
2025/04/25 18:38:46.350, 0 %, 0 %, 46
2025/04/25 18:38:51.350, 0 %, 0 %, 46
2025/04/25 18:38:56.351, 0 %, 0 %, 46
2025/04/25 18:39:01.351, 0 %, 0 %, 47
2025/04/25 18:39:06.352, 0 %, 0 %, 47
2025/04/25 18:39:11.352, 0 %, 0 %, 47
2025/04/25 18:39:16.352, 0 %, 0 %, 47
2025/04/25 18:39:21.353, 0 %, 0 %, 47
2025/04/25 18:39:26.353, 0 %, 0 %, 47
2025/04/25 18:39:31.354, 0 %, 0 %, 46
2025/04/25 18:39:36.354, 0 %, 0 %, 46
2025/04/25 18:39:41.355, 0 %, 0 %, 46
2025/04/25 18:39:46.355, 0 %, 0 %, 46
2025/04/25 18:39:51.355, 0 %, 0 %, 46
2025/04/25 18:39:56.356, 0 %, 0 %, 46
2025/04/25 18:40:01.356, 0 %, 0 %, 46
2025/04/25 18:40:06.357, 0 %, 0 %, 46
2025/04/25 18:40:11.357, 0 %, 0 %, 46
2025/04/25 18:40:16.358, 0 %, 0 %, 46
2025/04/25 18:40:21.358, 0 %, 0 %, 46
2025/04/25 18:40:26.358, 0 %, 0 %, 46
2025/04/25 18:40:31.359, 0 %, 0 %, 46
2025/04/25 18:40:36.359, 0 %, 0 %, 46
2025/04/25 18:40:41.360, 0 %, 0 %, 46
2025/04/25 18:40:46.360, 0 %, 0 %, 46
2025/04/25 18:40:51.361, 0 %, 0 %, 46
2025/04/25 18:40:56.361, 0 %, 0 %, 46
2025/04/25 18:41:01.362, 0 %, 0 %, 46
2025/04/25 18:41:06.362, 0 %, 0 %, 46
2025/04/25 18:41:11.362, 0 %, 0 %, 46
2025/04/25 18:41:16.363, 0 %, 0 %, 46
2025/04/25 18:41:21.363, 0 %, 0 %, 46
2025/04/25 18:41:26.364, 0 %, 0 %, 46
2025/04/25 18:41:31.364, 0 %, 0 %, 46
2025/04/25 18:41:36.365, 0 %, 0 %, 46
2025/04/25 18:41:41.365, 0 %, 0 %, 46
2025/04/25 18:41:46.366, 0 %, 0 %, 46
2025/04/25 18:41:51.366, 0 %, 0 %, 46
2025/04/25 18:41:56.367, 0 %, 0 %, 46
2025/04/25 18:42:01.367, 0 %, 0 %, 46
2025/04/25 18:42:06.367, 0 %, 0 %, 46
2025/04/25 18:42:11.368, 0 %, 0 %, 46
2025/04/25 18:42:16.368, 0 %, 0 %, 46
2025/04/25 18:42:21.369, 0 %, 0 %, 46
2025/04/25 18:42:26.369, 0 %, 0 %, 46
2025/04/25 18:42:31.370, 0 %, 0 %, 46
2025/04/25 18:42:36.370, 0 %, 0 %, 46
2025/04/25 18:42:41.371, 0 %, 0 %, 46
2025/04/25 18:42:46.371, 0 %, 0 %, 46
2025/04/25 18:42:51.372, 0 %, 0 %, 46
2025/04/25 18:42:56.372, 0 %, 0 %, 46
2025/04/25 18:43:01.372, 0 %, 0 %, 46
2025/04/25 18:43:06.373, 0 %, 0 %, 46
2025/04/25 18:43:11.373, 0 %, 0 %, 46
2025/04/25 18:43:16.374, 0 %, 0 %, 46
2025/04/25 18:43:21.374, 0 %, 0 %, 46
2025/04/25 18:43:26.375, 0 %, 0 %, 46
2025/04/25 18:43:31.375, 0 %, 0 %, 46
2025/04/25 18:43:36.376, 0 %, 0 %, 46
2025/04/25 18:43:41.376, 0 %, 0 %, 46
2025/04/25 18:43:46.377, 0 %, 0 %, 46
2025/04/25 18:43:51.377, 0 %, 0 %, 46
2025/04/25 18:43:56.378, 0 %, 0 %, 46
2025/04/25 18:44:01.378, 0 %, 0 %, 46
2025/04/25 18:44:06.378, 0 %, 0 %, 46
2025/04/25 18:44:11.379, 0 %, 0 %, 46
2025/04/25 18:44:16.379, 0 %, 0 %, 46
2025/04/25 18:44:21.380, 0 %, 0 %, 46
2025/04/25 18:44:26.380, 0 %, 0 %, 46
2025/04/25 18:44:31.381, 0 %, 0 %, 46
2025/04/25 18:44:36.381, 0 %, 0 %, 46
2025/04/25 18:44:41.382, 0 %, 0 %, 46
2025/04/25 18:44:46.382, 0 %, 0 %, 46
2025/04/25 18:44:51.383, 0 %, 0 %, 46
2025/04/25 18:44:56.383, 0 %, 0 %, 46
2025/04/25 18:45:01.383, 0 %, 0 %, 46
2025/04/25 18:45:06.384, 0 %, 0 %, 46
2025/04/25 18:45:11.384, 0 %, 0 %, 46
2025/04/25 18:45:16.385, 0 %, 0 %, 46
2025/04/25 18:45:21.385, 0 %, 0 %, 46
2025/04/25 18:45:26.386, 0 %, 0 %, 46
2025/04/25 18:45:31.386, 0 %, 0 %, 46
2025/04/25 18:45:36.387, 0 %, 0 %, 46
2025/04/25 18:45:41.387, 0 %, 0 %, 46
2025/04/25 18:45:46.388, 0 %, 0 %, 46
2025/04/25 18:45:51.388, 0 %, 0 %, 46
2025/04/25 18:45:56.388, 0 %, 0 %, 46
2025/04/25 18:46:01.389, 0 %, 0 %, 46
2025/04/25 18:46:06.389, 0 %, 0 %, 46
2025/04/25 18:46:11.390, 0 %, 0 %, 46
2025/04/25 18:46:16.390, 0 %, 0 %, 46
2025/04/25 18:46:21.391, 0 %, 0 %, 46
2025/04/25 18:46:26.391, 0 %, 0 %, 46
2025/04/25 18:46:31.392, 0 %, 0 %, 46
2025/04/25 18:46:36.392, 0 %, 0 %, 46
2025/04/25 18:46:41.392, 0 %, 0 %, 46
2025/04/25 18:46:46.393, 0 %, 0 %, 46
2025/04/25 18:46:51.393, 0 %, 0 %, 46
2025/04/25 18:46:56.394, 0 %, 0 %, 46
2025/04/25 18:47:01.394, 0 %, 0 %, 46
2025/04/25 18:47:06.395, 0 %, 0 %, 46
2025/04/25 18:47:11.395, 0 %, 0 %, 46
2025/04/25 18:47:16.396, 0 %, 0 %, 46
2025/04/25 18:47:21.396, 0 %, 0 %, 46
2025/04/25 18:47:26.397, 0 %, 0 %, 46
2025/04/25 18:47:31.397, 0 %, 0 %, 46
2025/04/25 18:47:36.398, 0 %, 0 %, 46
2025/04/25 18:47:41.398, 0 %, 0 %, 46
2025/04/25 18:47:46.398, 0 %, 0 %, 46
2025/04/25 18:47:51.399, 0 %, 0 %, 46
2025/04/25 18:47:56.399, 0 %, 0 %, 46
2025/04/25 18:48:01.400, 0 %, 0 %, 46
2025/04/25 18:48:06.400, 0 %, 0 %, 46
2025/04/25 18:48:11.401, 0 %, 0 %, 46
2025/04/25 18:48:16.401, 0 %, 0 %, 46
2025/04/25 18:48:21.402, 0 %, 0 %, 46
2025/04/25 18:48:26.402, 0 %, 0 %, 46
2025/04/25 18:48:31.402, 0 %, 0 %, 46
2025/04/25 18:48:36.403, 0 %, 0 %, 46
2025/04/25 18:48:41.403, 0 %, 0 %, 46
2025/04/25 18:48:46.404, 0 %, 0 %, 46
2025/04/25 18:48:51.404, 0 %, 0 %, 46
2025/04/25 18:48:56.405, 0 %, 0 %, 46
2025/04/25 18:49:01.405, 0 %, 0 %, 46
2025/04/25 18:49:06.406, 0 %, 0 %, 46
2025/04/25 18:49:11.406, 0 %, 0 %, 46
2025/04/25 18:49:16.407, 0 %, 0 %, 46
2025/04/25 18:49:21.407, 0 %, 0 %, 46
2025/04/25 18:49:26.408, 0 %, 0 %, 46
2025/04/25 18:49:31.408, 0 %, 0 %, 46
2025/04/25 18:49:36.408, 0 %, 0 %, 46
2025/04/25 18:49:41.409, 0 %, 0 %, 46
2025/04/25 18:49:46.409, 0 %, 0 %, 46
2025/04/25 18:49:51.410, 0 %, 0 %, 46
2025/04/25 18:49:56.410, 0 %, 0 %, 46
2025/04/25 18:50:01.411, 0 %, 0 %, 46
2025/04/25 18:50:06.411, 0 %, 0 %, 46
2025/04/25 18:50:11.412, 0 %, 0 %, 46
2025/04/25 18:50:16.412, 0 %, 0 %, 46
2025/04/25 18:50:21.412, 0 %, 0 %, 46
2025/04/25 18:50:26.413, 0 %, 0 %, 46
2025/04/25 18:50:31.413, 0 %, 0 %, 46
2025/04/25 18:50:36.414, 0 %, 0 %, 46
2025/04/25 18:50:41.414, 0 %, 0 %, 46
2025/04/25 18:50:46.415, 0 %, 0 %, 46
2025/04/25 18:50:51.415, 0 %, 0 %, 46
2025/04/25 18:50:56.415, 0 %, 0 %, 46
2025/04/25 18:51:01.416, 0 %, 0 %, 46
2025/04/25 18:51:06.416, 0 %, 0 %, 46
2025/04/25 18:51:11.417, 0 %, 0 %, 46
2025/04/25 18:51:16.417, 0 %, 0 %, 46
2025/04/25 18:51:21.418, 0 %, 0 %, 46
2025/04/25 18:51:26.418, 0 %, 0 %, 46
2025/04/25 18:51:31.419, 0 %, 0 %, 46
2025/04/25 18:51:36.419, 0 %, 0 %, 46
2025/04/25 18:51:41.419, 0 %, 0 %, 46
2025/04/25 18:51:46.420, 0 %, 0 %, 46
2025/04/25 18:51:51.420, 0 %, 0 %, 46
2025/04/25 18:51:56.421, 0 %, 0 %, 46
2025/04/25 18:52:01.421, 0 %, 0 %, 46
2025/04/25 18:52:06.422, 0 %, 0 %, 46
2025/04/25 18:52:11.422, 0 %, 0 %, 46
2025/04/25 18:52:16.423, 0 %, 0 %, 46
2025/04/25 18:52:21.423, 0 %, 0 %, 46
2025/04/25 18:52:26.424, 0 %, 0 %, 46
2025/04/25 18:52:31.424, 0 %, 0 %, 46
2025/04/25 18:52:36.425, 0 %, 0 %, 46
2025/04/25 18:52:41.425, 0 %, 0 %, 46
2025/04/25 18:52:46.425, 0 %, 0 %, 46
2025/04/25 18:52:51.426, 0 %, 0 %, 46
2025/04/25 18:52:56.426, 0 %, 0 %, 46
2025/04/25 18:53:01.427, 0 %, 0 %, 46
2025/04/25 18:53:06.427, 0 %, 0 %, 46
2025/04/25 18:53:11.428, 0 %, 0 %, 46
2025/04/25 18:53:16.428, 0 %, 0 %, 46
2025/04/25 18:53:21.429, 0 %, 0 %, 46
2025/04/25 18:53:26.429, 0 %, 0 %, 46
2025/04/25 18:53:31.430, 0 %, 0 %, 46
2025/04/25 18:53:36.430, 0 %, 0 %, 46
2025/04/25 18:53:41.430, 0 %, 0 %, 46
2025/04/25 18:53:46.431, 0 %, 0 %, 46
2025/04/25 18:53:51.431, 0 %, 0 %, 46
2025/04/25 18:53:56.432, 0 %, 0 %, 46
2025/04/25 18:54:01.432, 0 %, 0 %, 46
2025/04/25 18:54:06.433, 0 %, 0 %, 46
2025/04/25 18:54:11.433, 0 %, 0 %, 46
2025/04/25 18:54:16.434, 0 %, 0 %, 46
2025/04/25 18:54:21.434, 0 %, 0 %, 46
2025/04/25 18:54:26.435, 0 %, 0 %, 46
2025/04/25 18:54:31.435, 0 %, 0 %, 46
2025/04/25 18:54:36.436, 0 %, 0 %, 46
2025/04/25 18:54:41.436, 0 %, 0 %, 46
2025/04/25 18:54:46.436, 0 %, 0 %, 46
2025/04/25 18:54:51.437, 0 %, 0 %, 46
2025/04/25 18:54:56.437, 0 %, 0 %, 46
2025/04/25 18:55:01.438, 0 %, 0 %, 46
2025/04/25 18:55:06.438, 0 %, 0 %, 46
2025/04/25 18:55:11.439, 0 %, 0 %, 46
2025/04/25 18:55:16.439, 0 %, 0 %, 46
2025/04/25 18:55:21.440, 0 %, 0 %, 46
2025/04/25 18:55:26.440, 0 %, 0 %, 46
2025/04/25 18:55:31.441, 0 %, 0 %, 46
2025/04/25 18:55:36.441, 0 %, 0 %, 46
2025/04/25 18:55:41.441, 0 %, 0 %, 46
2025/04/25 18:55:46.442, 0 %, 0 %, 46
2025/04/25 18:55:51.442, 0 %, 0 %, 46
2025/04/25 18:55:56.443, 0 %, 0 %, 46
2025/04/25 18:56:01.443, 0 %, 0 %, 46
2025/04/25 18:56:06.444, 0 %, 0 %, 46
2025/04/25 18:56:11.444, 0 %, 0 %, 46
2025/04/25 18:56:16.445, 0 %, 0 %, 46
2025/04/25 18:56:21.445, 0 %, 0 %, 46
2025/04/25 18:56:26.446, 0 %, 0 %, 46
2025/04/25 18:56:31.446, 0 %, 0 %, 46
2025/04/25 18:56:36.446, 0 %, 0 %, 46
2025/04/25 18:56:41.447, 0 %, 0 %, 46
2025/04/25 18:56:46.447, 0 %, 0 %, 46
2025/04/25 18:56:51.448, 0 %, 0 %, 46
2025/04/25 18:56:56.448, 0 %, 0 %, 46
2025/04/25 18:57:01.449, 0 %, 0 %, 46
2025/04/25 18:57:06.449, 0 %, 0 %, 46
2025/04/25 18:57:11.450, 0 %, 0 %, 46
2025/04/25 18:57:16.450, 0 %, 0 %, 46
2025/04/25 18:57:21.451, 0 %, 0 %, 46
2025/04/25 18:57:26.451, 0 %, 0 %, 46
2025/04/25 18:57:31.452, 0 %, 0 %, 46
2025/04/25 18:57:36.453, 0 %, 0 %, 46
2025/04/25 18:57:41.454, 0 %, 0 %, 46
2025/04/25 18:57:46.455, 93 %, 85 %, 54
2025/04/25 18:57:51.455, 93 %, 85 %, 56
2025/04/25 18:57:56.456, 93 %, 84 %, 56
2025/04/25 18:58:01.456, 93 %, 85 %, 56
2025/04/25 18:58:06.457, 94 %, 86 %, 57
2025/04/25 18:58:11.457, 94 %, 86 %, 59
2025/04/25 18:58:16.457, 94 %, 86 %, 57
2025/04/25 18:58:21.459, 94 %, 86 %, 57
2025/04/25 18:58:26.459, 94 %, 86 %, 57
2025/04/25 18:58:31.460, 93 %, 85 %, 57
2025/04/25 18:58:36.460, 94 %, 85 %, 57
2025/04/25 18:58:41.461, 93 %, 85 %, 57
2025/04/25 18:58:46.461, 93 %, 84 %, 56
2025/04/25 18:58:51.461, 94 %, 86 %, 57
2025/04/25 18:58:56.462, 94 %, 86 %, 57
2025/04/25 18:59:01.462, 94 %, 86 %, 56
2025/04/25 18:59:06.463, 94 %, 85 %, 56
2025/04/25 18:59:11.463, 93 %, 84 %, 57
2025/04/25 18:59:16.463, 94 %, 85 %, 56
2025/04/25 18:59:21.464, 0 %, 0 %, 47
2025/04/25 18:59:26.464, 0 %, 0 %, 46
2025/04/25 18:59:31.465, 0 %, 0 %, 46
2025/04/25 18:59:36.465, 0 %, 0 %, 46
2025/04/25 18:59:41.466, 0 %, 0 %, 46
2025/04/25 18:59:46.466, 0 %, 0 %, 46
2025/04/25 18:59:51.467, 0 %, 0 %, 46
2025/04/25 18:59:56.467, 0 %, 0 %, 46
2025/04/25 19:00:01.468, 0 %, 0 %, 46
2025/04/25 19:00:06.468, 0 %, 0 %, 46
2025/04/25 19:00:11.468, 0 %, 0 %, 46
2025/04/25 19:00:16.469, 0 %, 0 %, 46
2025/04/25 19:00:21.469, 0 %, 0 %, 46
2025/04/25 19:00:26.470, 0 %, 0 %, 46
2025/04/25 19:00:31.470, 0 %, 0 %, 46
2025/04/25 19:00:36.471, 0 %, 0 %, 46
2025/04/25 19:00:41.471, 0 %, 0 %, 46
2025/04/25 19:00:46.472, 0 %, 0 %, 46
2025/04/25 19:00:51.472, 0 %, 0 %, 46
2025/04/25 19:00:56.473, 0 %, 0 %, 46
2025/04/25 19:01:01.473, 0 %, 0 %, 46
2025/04/25 19:01:06.474, 0 %, 0 %, 46
2025/04/25 19:01:11.474, 0 %, 0 %, 46
2025/04/25 19:01:16.474, 0 %, 0 %, 46
2025/04/25 19:01:21.475, 0 %, 0 %, 46
2025/04/25 19:01:26.475, 0 %, 0 %, 46
2025/04/25 19:01:31.476, 0 %, 0 %, 46
2025/04/25 19:01:36.476, 0 %, 0 %, 46
2025/04/25 19:01:41.477, 0 %, 0 %, 46
2025/04/25 19:01:46.477, 0 %, 0 %, 46
2025/04/25 19:01:51.478, 0 %, 0 %, 46
2025/04/25 19:01:56.478, 0 %, 0 %, 46
2025/04/25 19:02:01.479, 0 %, 0 %, 46
2025/04/25 19:02:06.479, 0 %, 0 %, 46
2025/04/25 19:02:11.480, 0 %, 0 %, 46
2025/04/25 19:02:16.480, 0 %, 0 %, 46
2025/04/25 19:02:21.480, 0 %, 0 %, 46
2025/04/25 19:02:26.481, 0 %, 0 %, 46
2025/04/25 19:02:31.481, 0 %, 0 %, 46
2025/04/25 19:02:36.482, 0 %, 0 %, 46
2025/04/25 19:02:41.482, 0 %, 0 %, 46
2025/04/25 19:02:46.483, 0 %, 0 %, 46
2025/04/25 19:02:51.483, 0 %, 0 %, 46
2025/04/25 19:02:56.484, 0 %, 0 %, 46
2025/04/25 19:03:01.484, 0 %, 0 %, 46
2025/04/25 19:03:06.485, 0 %, 0 %, 46
2025/04/25 19:03:11.485, 0 %, 0 %, 46
2025/04/25 19:03:16.486, 0 %, 0 %, 46
2025/04/25 19:03:21.486, 0 %, 0 %, 46
2025/04/25 19:03:26.486, 0 %, 0 %, 46
2025/04/25 19:03:31.487, 0 %, 0 %, 46
2025/04/25 19:03:36.489, 0 %, 0 %, 46
2025/04/25 19:03:41.489, 0 %, 0 %, 46
2025/04/25 19:03:46.489, 0 %, 0 %, 46
2025/04/25 19:03:51.490, 0 %, 0 %, 46
2025/04/25 19:03:56.490, 0 %, 0 %, 46
2025/04/25 19:04:01.491, 0 %, 0 %, 46
2025/04/25 19:04:06.491, 0 %, 0 %, 46
2025/04/25 19:04:11.492, 0 %, 0 %, 46
2025/04/25 19:04:16.492, 0 %, 0 %, 46
2025/04/25 19:04:21.493, 0 %, 0 %, 46
2025/04/25 19:04:26.493, 0 %, 0 %, 46
2025/04/25 19:04:31.493, 0 %, 0 %, 46
2025/04/25 19:04:36.494, 0 %, 0 %, 46
2025/04/25 19:04:41.494, 0 %, 0 %, 46
2025/04/25 19:04:46.495, 0 %, 0 %, 46
2025/04/25 19:04:51.495, 0 %, 0 %, 46
2025/04/25 19:04:56.496, 0 %, 0 %, 46
2025/04/25 19:05:01.496, 0 %, 0 %, 46
2025/04/25 19:05:06.497, 0 %, 0 %, 46
2025/04/25 19:05:11.497, 0 %, 0 %, 46
2025/04/25 19:05:16.498, 0 %, 0 %, 46
2025/04/25 19:05:21.498, 0 %, 0 %, 46
2025/04/25 19:05:26.498, 0 %, 0 %, 46
2025/04/25 19:05:31.499, 0 %, 0 %, 46
2025/04/25 19:05:36.499, 0 %, 0 %, 46
2025/04/25 19:05:41.500, 0 %, 0 %, 46
2025/04/25 19:05:46.500, 0 %, 0 %, 46
2025/04/25 19:05:51.501, 0 %, 0 %, 46
2025/04/25 19:05:56.501, 0 %, 0 %, 46
2025/04/25 19:06:01.501, 0 %, 0 %, 46
2025/04/25 19:06:06.502, 0 %, 0 %, 46
2025/04/25 19:06:11.502, 0 %, 0 %, 46
2025/04/25 19:06:16.503, 0 %, 0 %, 46
2025/04/25 19:06:21.503, 0 %, 0 %, 46
2025/04/25 19:06:26.503, 0 %, 0 %, 46
2025/04/25 19:06:31.504, 0 %, 0 %, 46
2025/04/25 19:06:36.504, 0 %, 0 %, 46
2025/04/25 19:06:41.505, 0 %, 0 %, 46
2025/04/25 19:06:46.505, 0 %, 0 %, 46
2025/04/25 19:06:51.506, 0 %, 0 %, 46
2025/04/25 19:06:56.506, 0 %, 0 %, 46
2025/04/25 19:07:01.506, 0 %, 0 %, 46
2025/04/25 19:07:06.507, 0 %, 0 %, 46
2025/04/25 19:07:11.507, 0 %, 0 %, 46
2025/04/25 19:07:16.508, 0 %, 0 %, 46
2025/04/25 19:07:21.508, 0 %, 0 %, 46
2025/04/25 19:07:26.509, 0 %, 0 %, 46
2025/04/25 19:07:31.509, 0 %, 0 %, 46
2025/04/25 19:07:36.510, 0 %, 0 %, 46
2025/04/25 19:07:41.510, 0 %, 0 %, 46
2025/04/25 19:07:46.511, 0 %, 0 %, 46
2025/04/25 19:07:51.511, 0 %, 0 %, 46
2025/04/25 19:07:56.512, 0 %, 0 %, 46
2025/04/25 19:08:01.512, 0 %, 0 %, 46
2025/04/25 19:08:06.512, 0 %, 0 %, 46
2025/04/25 19:08:11.513, 0 %, 0 %, 46
2025/04/25 19:08:16.513, 0 %, 0 %, 46
2025/04/25 19:08:21.514, 0 %, 0 %, 46
2025/04/25 19:08:26.514, 0 %, 0 %, 46
2025/04/25 19:08:31.515, 0 %, 0 %, 46
2025/04/25 19:08:36.515, 0 %, 0 %, 46
2025/04/25 19:08:41.516, 0 %, 0 %, 46
2025/04/25 19:08:46.516, 0 %, 0 %, 46
2025/04/25 19:08:51.518, 0 %, 0 %, 46
2025/04/25 19:08:56.520, 0 %, 0 %, 46
2025/04/25 19:09:01.520, 0 %, 0 %, 46
2025/04/25 19:09:06.520, 0 %, 0 %, 46
2025/04/25 19:09:11.521, 0 %, 0 %, 46
2025/04/25 19:09:16.521, 0 %, 0 %, 46
2025/04/25 19:09:21.522, 0 %, 0 %, 46
2025/04/25 19:09:26.522, 0 %, 0 %, 46
2025/04/25 19:09:31.524, 0 %, 0 %, 46
2025/04/25 19:09:36.524, 0 %, 0 %, 46
2025/04/25 19:09:41.525, 0 %, 0 %, 46
2025/04/25 19:09:46.525, 0 %, 0 %, 46
2025/04/25 19:09:51.526, 0 %, 0 %, 46
2025/04/25 19:09:56.526, 0 %, 0 %, 46
2025/04/25 19:10:01.526, 0 %, 0 %, 46
2025/04/25 19:10:06.528, 0 %, 0 %, 46
2025/04/25 19:10:11.529, 0 %, 0 %, 46
2025/04/25 19:10:16.529, 0 %, 0 %, 46
2025/04/25 19:10:21.530, 0 %, 0 %, 46
2025/04/25 19:10:26.530, 0 %, 0 %, 46
2025/04/25 19:10:31.530, 0 %, 0 %, 46
2025/04/25 19:10:36.531, 0 %, 0 %, 46
2025/04/25 19:10:41.531, 0 %, 0 %, 46
2025/04/25 19:10:46.532, 0 %, 0 %, 46
2025/04/25 19:10:51.532, 0 %, 0 %, 46
2025/04/25 19:10:56.533, 0 %, 0 %, 46
2025/04/25 19:11:01.533, 0 %, 0 %, 46
2025/04/25 19:11:06.534, 0 %, 0 %, 46
2025/04/25 19:11:11.534, 0 %, 0 %, 46
2025/04/25 19:11:16.535, 0 %, 0 %, 46
2025/04/25 19:11:21.535, 0 %, 0 %, 46
2025/04/25 19:11:26.535, 0 %, 0 %, 46
2025/04/25 19:11:31.536, 0 %, 0 %, 46
2025/04/25 19:11:36.536, 0 %, 0 %, 46
2025/04/25 19:11:41.537, 0 %, 0 %, 46
2025/04/25 19:11:46.537, 0 %, 0 %, 46
2025/04/25 19:11:51.538, 0 %, 0 %, 46
2025/04/25 19:11:56.538, 0 %, 0 %, 46
2025/04/25 19:12:01.538, 0 %, 0 %, 46
2025/04/25 19:12:06.539, 0 %, 0 %, 46
2025/04/25 19:12:11.540, 0 %, 0 %, 46
2025/04/25 19:12:16.540, 0 %, 0 %, 46
2025/04/25 19:12:21.540, 0 %, 0 %, 46
2025/04/25 19:12:26.541, 0 %, 0 %, 46
2025/04/25 19:12:31.541, 0 %, 0 %, 46
2025/04/25 19:12:36.542, 0 %, 0 %, 46
2025/04/25 19:12:41.542, 0 %, 0 %, 46
2025/04/25 19:12:46.543, 0 %, 0 %, 46
2025/04/25 19:12:51.543, 0 %, 0 %, 46
2025/04/25 19:12:56.544, 0 %, 0 %, 46
2025/04/25 19:13:01.544, 0 %, 0 %, 46
2025/04/25 19:13:06.544, 0 %, 0 %, 46
2025/04/25 19:13:11.545, 0 %, 0 %, 46
2025/04/25 19:13:16.545, 0 %, 0 %, 46
2025/04/25 19:13:21.546, 0 %, 0 %, 46
2025/04/25 19:13:26.546, 0 %, 0 %, 46
2025/04/25 19:13:31.547, 0 %, 0 %, 46
2025/04/25 19:13:36.547, 0 %, 0 %, 46
2025/04/25 19:13:41.548, 0 %, 0 %, 46
2025/04/25 19:13:46.548, 0 %, 0 %, 46
2025/04/25 19:13:51.548, 0 %, 0 %, 46
2025/04/25 19:13:56.549, 0 %, 0 %, 46
2025/04/25 19:14:01.549, 0 %, 0 %, 46
2025/04/25 19:14:06.550, 0 %, 0 %, 46
2025/04/25 19:14:11.550, 0 %, 0 %, 46
2025/04/25 19:14:16.551, 0 %, 0 %, 46
2025/04/25 19:14:21.551, 0 %, 0 %, 46
2025/04/25 19:14:26.553, 0 %, 0 %, 46
